Workbook

Sheet Grade Book
A1: Student ID | B1: Student Name | C1: Test 1 (20) | D1: Test 2 (20) | E1: Midterm (30) | F1: Final Exam (30) | G1: Average (%) | H1: Letter Grade
A2: STU101 | B2: Kabir Reddy | C2: 16 | D2: 20 | E2: 16 | F2: 17 | G2: =ROUND((C2+D2+E2+F2)/100*100,1) -> 69 | H2: =IF(G2>=90,"A+",IF(G2>=80,"A",IF(G2>=70,"B",IF(G2>=60,"C",IF(G2>=50,"D","F"))))) -> C
A3: STU102 | B3: Tara Patel | C3: 15 | D3: 19 | E3: 16 | F3: 21 | G3: =ROUND((C3+D3+E3+F3)/100*100,1) -> 71 | H3: =IF(G3>=90,"A+",IF(G3>=80,"A",IF(G3>=70,"B",IF(G3>=60,"C",IF(G3>=50,"D","F"))))) -> B
A4: STU103 | B4: Diya Patel | C4: 16 | D4: 16 | E4: 17 | F4: 22 | G4: =ROUND((C4+D4+E4+F4)/100*100,1) -> 71 | H4: =IF(G4>=90,"A+",IF(G4>=80,"A",IF(G4>=70,"B",IF(G4>=60,"C",IF(G4>=50,"D","F"))))) -> B
A5: STU104 | B5: Ishaan Chatterjee | C5: 16 | D5: 10 | E5: 18 | F5: 22 | G5: =ROUND((C5+D5+E5+F5)/100*100,1) -> 66 | H5: =IF(G5>=90,"A+",IF(G5>=80,"A",IF(G5>=70,"B",IF(G5>=60,"C",IF(G5>=50,"D","F"))))) -> C
A6: STU105 | B6: Om Sharma | C6: 19 | D6: 19 | E6: 27 | F6: 16 | G6: =ROUND((C6+D6+E6+F6)/100*100,1) -> 81 | H6: =IF(G6>=90,"A+",IF(G6>=80,"A",IF(G6>=70,"B",IF(G6>=60,"C",IF(G6>=50,"D","F"))))) -> A
A7: STU106 | B7: Kiara Sharma | C7: 18 | D7: 12 | E7: 24 | F7: 28 | G7: =ROUND((C7+D7+E7+F7)/100*100,1) -> 82 | H7: =IF(G7>=90,"A+",IF(G7>=80,"A",IF(G7>=70,"B",IF(G7>=60,"C",IF(G7>=50,"D","F"))))) -> A
A8: STU107 | B8: Vivaan Chatterjee | C8: 11 | D8: 19 | E8: 24 | F8: 20 | G8: =ROUND((C8+D8+E8+F8)/100*100,1) -> 74 | H8: =IF(G8>=90,"A+",IF(G8>=80,"A",IF(G8>=70,"B",IF(G8>=60,"C",IF(G8>=50,"D","F"))))) -> B
A9: STU108 | B9: Ananya Menon | C9: 19 | D9: 20 | E9: 21 | F9: 26 | G9: =ROUND((C9+D9+E9+F9)/100*100,1) -> 86 | H9: =IF(G9>=90,"A+",IF(G9>=80,"A",IF(G9>=70,"B",IF(G9>=60,"C",IF(G9>=50,"D","F"))))) -> A
A10: STU109 | B10: Ananya Chatterjee | C10: 11 | D10: 19 | E10: 16 | F10: 21 | G10: =ROUND((C10+D10+E10+F10)/100*100,1) -> 67 | H10: =IF(G10>=90,"A+",IF(G10>=80,"A",IF(G10>=70,"B",IF(G10>=60,"C",IF(G10>=50,"D","F"))))) -> C
A11: STU110 | B11: Anika Chatterjee | C11: 16 | D11: 15 | E11: 29 | F11: 29 | G11: =ROUND((C11+D11+E11+F11)/100*100,1) -> 89 | H11: =IF(G11>=90,"A+",IF(G11>=80,"A",IF(G11>=70,"B",IF(G11>=60,"C",IF(G11>=50,"D","F"))))) -> A
A12: STU111 | B12: Riya Iyer | C12: 13 | D12: 12 | E12: 22 | F12: 17 | G12: =ROUND((C12+D12+E12+F12)/100*100,1) -> 64 | H12: =IF(G12>=90,"A+",IF(G12>=80,"A",IF(G12>=70,"B",IF(G12>=60,"C",IF(G12>=50,"D","F"))))) -> C
A13: STU112 | B13: Om Iyer | C13: 18 | D13: 17 | E13: 25 | F13: 29 | G13: =ROUND((C13+D13+E13+F13)/100*100,1) -> 89 | H13: =IF(G13>=90,"A+",IF(G13>=80,"A",IF(G13>=70,"B",IF(G13>=60,"C",IF(G13>=50,"D","F"))))) -> A
... A26: STU125 | B26: Saanvi Sharma | C26: 12 | D26: 16 | E26: 26 | F26: 25 | G26: =ROUND((C26+D26+E26+F26)/100*100,1) -> 79 | H26: =IF(G26>=90,"A+",IF(G26>=80,"A",IF(G26>=70,"B",IF(G26>=60,"C",IF(G26>=50,"D","F"))))) -> B

Sheet Class Summary
A1: Class Summary
A3: Class Average (%) | B3: =ROUND(AVERAGE('Grade Book'!G2:G26),1) -> 75.9
A4: Highest Average (%) | B4: =MAX('Grade Book'!G2:G26) -> 89
A5: Lowest Average (%) | B5: =MIN('Grade Book'!G2:G26) -> 64
A7: Grade Distribution
A8: Letter Grade | B8: Number of Students
A9: A+ | B9: =COUNTIF('Grade Book'!$H$2:$H$26,A9) -> 0
A10: A | B10: =COUNTIF('Grade Book'!$H$2:$H$26,A10) -> 8
A11: B | B11: =COUNTIF('Grade Book'!$H$2:$H$26,A11) -> 11
A12: C | B12: =COUNTIF('Grade Book'!$H$2:$H$26,A12) -> 6
A13: D | B13: =COUNTIF('Grade Book'!$H$2:$H$26,A13) -> 0
A14: F | B14: =COUNTIF('Grade Book'!$H$2:$H$26,A14) -> 0
