Workbook

Sheet Policy Data
A1: Policy ID | B1: Customer Name | C1: Policy Type | D1: Start Date | E1: End Date | F1: Premium (INR) | G1: Days to Expiry | H1: Status
A2: POL1001 | B2: Neha Sharma | C2: Life | D2: 45972 | E2: 46337 | F2: 8000 | G2: =E2-DATE(2026,8,18) -> 85 | H2: =IF(G2<0,"Expired",IF(G2<=30,"Renewal Due","Active")) -> Active
A3: POL1002 | B3: Neha Kapoor | C3: Health | D3: 45618 | E3: 45983 | F3: 3500 | G3: =E3-DATE(2026,8,18) -> -269 | H3: =IF(G3<0,"Expired",IF(G3<=30,"Renewal Due","Active")) -> Expired
A4: POL1003 | B4: Rahul Verma | C4: Motor | D4: 45984 | E4: 46714 | F4: 18000 | G4: =E4-DATE(2026,8,18) -> 462 | H4: =IF(G4<0,"Expired",IF(G4<=30,"Renewal Due","Active")) -> Active
A5: POL1004 | B5: Rahul Kapoor | C5: Motor | D5: 45557 | E5: 46287 | F5: 27500 | G5: =E5-DATE(2026,8,18) -> 35 | H5: =IF(G5<0,"Expired",IF(G5<=30,"Renewal Due","Active")) -> Active
A6: POL1005 | B6: Kavita Mehta | C6: Travel | D6: 45938 | E6: 46118 | F6: 8000 | G6: =E6-DATE(2026,8,18) -> -134 | H6: =IF(G6<0,"Expired",IF(G6<=30,"Renewal Due","Active")) -> Expired
A7: POL1006 | B7: Isha Yadav | C7: Life | D7: 46063 | E7: 46428 | F7: 21000 | G7: =E7-DATE(2026,8,18) -> 176 | H7: =IF(G7<0,"Expired",IF(G7<=30,"Renewal Due","Active")) -> Active
A8: POL1007 | B8: Neha Verma | C8: Home | D8: 46123 | E8: 46488 | F8: 21000 | G8: =E8-DATE(2026,8,18) -> 236 | H8: =IF(G8<0,"Expired",IF(G8<=30,"Renewal Due","Active")) -> Active
A9: POL1008 | B9: Ritu Kumar | C9: Health | D9: 45752 | E9: 46482 | F9: 5200 | G9: =E9-DATE(2026,8,18) -> 230 | H9: =IF(G9<0,"Expired",IF(G9<=30,"Renewal Due","Active")) -> Active
A10: POL1009 | B10: Karan Verma | C10: Travel | D10: 45922 | E10: 46652 | F10: 21000 | G10: =E10-DATE(2026,8,18) -> 400 | H10: =IF(G10<0,"Expired",IF(G10<=30,"Renewal Due","Active")) -> Active
A11: POL1010 | B11: Manoj Singh | C11: Health | D11: 46176 | E11: 46541 | F11: 15500 | G11: =E11-DATE(2026,8,18) -> 289 | H11: =IF(G11<0,"Expired",IF(G11<=30,"Renewal Due","Active")) -> Active
A12: POL1011 | B12: Aman Singh | C12: Health | D12: 45833 | E12: 46198 | F12: 9800 | G12: =E12-DATE(2026,8,18) -> -54 | H12: =IF(G12<0,"Expired",IF(G12<=30,"Renewal Due","Active")) -> Expired
A13: POL1012 | B13: Divya Gupta | C13: Life | D13: 45859 | E13: 46224 | F13: 15500 | G13: =E13-DATE(2026,8,18) -> -28 | H13: =IF(G13<0,"Expired",IF(G13<=30,"Renewal Due","Active")) -> Expired
... A41: POL1040 | B41: Karan Yadav | C41: Health | D41: 45968 | E41: 46333 | F41: 12000 | G41: =E41-DATE(2026,8,18) -> 81 | H41: =IF(G41<0,"Expired",IF(G41<=30,"Renewal Due","Active")) -> Active

Sheet Dashboard
A1: Policy Tracking Dashboard
A2: Reference date: 18-Aug-2026
A4: Summary by Status | E4: Total Policies
A5: Status | B5: Policy Count | E5: =COUNTA('Policy Data'!$A$2:$A$41) -> 40
A6: Active | B6: =COUNTIF('Policy Data'!$H$2:$H$41,A6) -> 25
A7: Renewal Due | B7: =COUNTIF('Policy Data'!$H$2:$H$41,A7) -> 0 | E7: Total Premium (INR)
A8: Expired | B8: =COUNTIF('Policy Data'!$H$2:$H$41,A8) -> 15 | E8: =SUM('Policy Data'!$F$2:$F$41) -> 497500
A10: Summary by Policy Type | E10: Renewals Due (<=30 days)
A11: Type | B11: Count | C11: Total Premium (INR) | E11: =COUNTIF('Policy Data'!$H$2:$H$41,"Renewal Due") -> 0
A12: Health | B12: =COUNTIF('Policy Data'!$C$2:$C$41,A12) -> 11 | C12: =SUMIF('Policy Data'!$C$2:$C$41,A12,'Policy Data'!$F$2:$F$41) -> 124200
A13: Motor | B13: =COUNTIF('Policy Data'!$C$2:$C$41,A13) -> 7 | C13: =SUMIF('Policy Data'!$C$2:$C$41,A13,'Policy Data'!$F$2:$F$41) -> 126500
A14: Life | B14: =COUNTIF('Policy Data'!$C$2:$C$41,A14) -> 11 | C14: =SUMIF('Policy Data'!$C$2:$C$41,A14,'Policy Data'!$F$2:$F$41) -> 125300
A15: Home | B15: =COUNTIF('Policy Data'!$C$2:$C$41,A15) -> 5 | C15: =SUMIF('Policy Data'!$C$2:$C$41,A15,'Policy Data'!$F$2:$F$41) -> 45700
A16: Travel | B16: =COUNTIF('Policy Data'!$C$2:$C$41,A16) -> 6 | C16: =SUMIF('Policy Data'!$C$2:$C$41,A16,'Policy Data'!$F$2:$F$41) -> 75800
